sid,Shannon diversity
ERR3450607,9.492072235901478
ERR3450608,8.986839738373419
ERR3450609,9.450072502943348
ERR3450612,9.552576981246196
ERR3450613,10.201147189757712
ERR3450614,9.622897239265026
ERR3450615,9.21542836861848
ERR3450617,9.583079548378304
ERR3450618,9.335449902336585
ERR3450619,9.070220319757262
ERR3450620,10.00199594942124
ERR3450622,10.103540273999796
ERR3450623,9.60062071326224
ERR3450624,8.039973301205876
ERR3450625,8.90545228800426
ERR3450626,10.057474192891789
ERR3450630,9.722132614864549
ERR3450631,9.047825526196426
ERR3450632,9.333382737834206
ERR3450633,9.837052051451364
ERR3450634,9.422821663967024
ERR3450636,9.380132839831017
ERR3450637,10.02503296810659
ERR3450638,9.763337732889552
ERR3450640,8.819043475520468
ERR3450641,9.82208112350521
ERR3450642,9.43977374046364
ERR3450648,10.387710289450178
ERR3450650,10.344867871511024
ERR3450651,7.556856609352557
ERR3450653,9.57220652268381
ERR3450655,9.793019936688909
ERR3450657,9.921747465229537
ERR3450658,9.824955936352268
ERR3450659,9.65034046815947
ERR3450663,9.125198798505902
ERR3450666,10.555223554324586
ERR3450668,9.348171943461807
ERR3450669,10.143274166526949
ERR3450671,9.59660088907808
ERR3450672,7.746746298359905
ERR3450673,9.482862868912548
ERR3450674,9.894518591268708
ERR3450680,9.599832410245766
ERR3450682,10.470137255036024
ERR3450683,9.72069622346245
ERR3450685,7.827720536471214
ERR3450686,9.705505163906022
ERR3450687,8.807081312631311
ERR3450689,10.099008313749843
ERR3450690,9.20345054144992
ERR3450691,10.22656968757823
ERR3450692,9.072127576797431
ERR3450693,10.83442852585176
ERR3450696,9.456736905586563
ERR3450699,9.16494799333364
ERR3450701,9.994198176102088
ERR3450704,11.032033252978152
ERR3450705,10.064223077967442
ERR3450706,10.152545492433482
ERR3450709,9.037162651644636
ERR3450710,10.094493540860253
ERR3450711,9.776894671881776
ERR3450713,9.613466772732057
ERR3450714,9.127964170913092
ERR3450715,9.95428408556262
ERR3450717,10.330294894126723
ERR3450720,10.354898313651688
ERR3450722,9.678589178881367
ERR3450723,9.573094626699588
ERR3450724,9.447894323725832
ERR3450726,8.030908874836204
ERR3450727,9.407746386962964
ERR3450730,9.724375446365409
ERR3450733,9.334268836474497
ERR3450734,9.533494387873183
ERR3450735,8.912407349233368
ERR3450737,10.108015727674902
ERR3450739,9.457111751385828
ERR3450740,9.648782289385045
ERR3450743,10.027146885038349
ERR3450744,9.718703838488656
ERR3450745,8.953008888303009
ERR3450746,9.93143857173082
ERR3450747,11.543369061426208
ERR3450749,9.983639562106736
ERR3450750,9.657589271886438
ERR3450751,9.079680080838669
ERR3450755,9.45560723096989
ERR3450756,9.562102622709643
ERR3450757,10.370272158696253
ERR3450758,9.533515612024424
ERR3450759,10.4668039556438
ERR3450761,9.51053504881446
ERR3450762,9.37040373765527
ERR3450764,10.290174225649183
ERR3450765,9.722350068318848
ERR3450769,10.27641419780525
ERR3450770,9.86755209254684
ERR3450771,10.28048482437044
ERR3450772,9.752429076091795
ERR3450774,9.589593579098446
ERR3450775,10.10218452410608
ERR3450776,9.069514333469913
ERR3450780,9.736800749895952
ERR3450782,8.617872753011067
ERR3450783,10.115359109680766
ERR3450784,8.734096342682111
ERR3450786,8.772000543429556
ERR3450787,8.65763379520205
ERR3450789,8.899329604927456
ERR3450791,9.75967692850663
ERR3450792,9.442214581980828
ERR3450796,9.45465861345876
ERR3450798,9.776157614036032
ERR3450799,9.093323025586818
ERR3450801,9.074690216496846
ERR3450802,10.14810155696079
ERR3450803,10.982712009684011
ERR3450804,9.59022677294645
ERR3450805,9.828136379496968
ERR3450806,10.219962866296004
ERR3450808,9.75658858673956
ERR3450809,10.245361370015548
ERR3450810,9.091498083126142
ERR3450812,9.318076718519915
ERR3450814,9.992368374323949
ERR3450815,10.137851332452795
ERR3450816,8.205306159088986
ERR3450817,7.790249316834959
ERR3450818,9.595816518704336
ERR3450820,8.947377316477782
ERR3450821,9.481401007542503
ERR3450824,10.311781591251073
ERR3450825,8.760133940684254
ERR3450827,8.779554531275163
ERR3450828,9.607841313372262
ERR3450832,10.247909631181995
ERR3450833,7.934846284499923
ERR3450837,9.64422487180244
ERR3450839,9.396373884421251
ERR3450840,10.078385692302591
ERR3450841,9.962573134071562
ERR3450842,10.258647571721683
ERR3450843,9.509390484048769
ERR3450844,9.057744558523565
ERR3450845,10.490067251535958
ERR3450846,9.556397576129257
ERR3450847,9.818668260545614
ERR3450848,9.122718690135118
ERR3450851,10.302278857322534
ERR3450852,9.95195584618558
ERR3450855,9.567148581155754
ERR3450856,8.976811225943571
ERR3450857,9.600093444701423
ERR3450859,9.850982914170476
ERR3450860,9.41154329447514
ERR3450863,9.498315067386672
ERR3450869,9.490092001690536
ERR3450870,10.526964926950296
ERR3450872,9.28039172407377
ERR3450874,8.752206913562121
ERR3450878,9.378214848414183
ERR3450879,8.886293379451454
ERR3450880,9.499103776386228
ERR3450881,10.743062959518996
ERR3450883,11.217059012088429
ERR3450884,10.516539162256036
ERR3450886,9.30927611260108
ERR3450887,9.315544439157346
ERR3450888,10.219327325152488
ERR3450889,9.013988607848988
ERR3450890,9.731119525382098
ERR3450892,10.199230851554123
ERR3450893,9.850463806683331
ERR3450894,11.45916271115556
ERR3450896,9.97126020826137
ERR3450897,9.571381696126418
ERR3450899,8.194008160997823
ERR3450900,10.17421635119607
ERR3450901,9.984667453831795
ERR3450902,9.369541839934902
ERR3450903,8.87217634857707
ERR3450905,10.57125133507015
ERR3450908,8.871799987831492
ERR3450910,9.598861328291596
ERR3450912,10.058931992975886
ERR3450915,10.49050436765378
ERR3450916,10.245871164388497
ERR3450917,9.73293036975712
ERR3450919,8.35900062525986
ERR3450920,9.78735659681482
ERR3450921,10.082108019904622
ERR3450922,10.10231308471372
ERR3450924,8.776911955557583
ERR3450925,10.112634585468411
ERR3450926,9.076914764892416
ERR3450927,10.08619293138636
ERR3450928,9.893961370585584
ERR3450929,10.319749872541212
ERR3450930,10.042920652312038
ERR3450931,8.418562775895746
ERR3450935,9.999284689666297
ERR3450936,10.401756144455064
ERR3450937,10.111020784918692
ERR3450939,8.912835667694306
ERR3450949,9.985864962203632
ERR3450951,10.18734568451707
ERR3450952,10.103550135121148
ERR3450955,9.260830209463
ERR3450956,10.594151992941686
ERR3450959,10.53387673107454
ERR3450960,10.105218044850515
ERR3450961,10.017896229393632
ERR3450963,9.948530988609956
ERR3450965,9.70481337416713
ERR3450969,9.454671122167856
ERR3450970,10.216277851440708
ERR3450975,9.203884496169945
ERR3450979,8.926849299304674
ERR3450980,11.104037835369372
ERR3450984,10.0190540152707
ERR3450988,10.12723836130352
ERR3450990,8.61909507251092
ERR3450991,9.22832595241953
ERR3450992,10.05297867879738
ERR3450993,9.693350637837405
ERR3450995,10.5507513008823
ERR3450999,9.76302416264362
ERR3451000,9.175092396395884
ERR3451002,10.39394045647509
ERR3451008,9.401647968415672
ERR3451011,9.992206954688864
ERR3451014,10.21253497688166
ERR3451015,10.100937820199963
ERR3451017,9.596145327205225
ERR3451018,10.094263887918109
ERR3451020,8.888096985488696
ERR3451021,10.386364846750684
ERR3451022,9.8565389144516
ERR3451023,9.52979492148252
ERR3451024,10.719137790767666
ERR3451025,10.006394110604418
ERR3451026,9.781641765268452
ERR3451029,10.403216903894528
ERR3451030,10.145647829687425
ERR3451032,10.587147074961544
ERR3451033,9.7424095114609
ERR3451035,9.382288728655585
ERR3451036,10.107141785133184
ERR3451037,10.33556310984815
ERR3451038,10.958668084375445
ERR3451040,8.944666563688491
ERR3451043,9.632756626953588
ERR3451044,10.022683116337756
ERR3451045,9.631293041142492
ERR3451046,10.354901467340092
ERR3451047,10.491400107056888
ERR3451048,9.806169930324495
ERR3451049,10.036739811144455
ERR3451050,9.80909288690268
ERR3451051,9.274806899285151
ERR3451052,9.10199114614276
ERR3451053,10.977740606698571
ERR3451054,9.658592432208774
ERR3451055,10.250604649995946
ERR3451056,9.781466961551844
ERR3451057,10.848256182395389
ERR3451059,9.209957109988384
ERR3451060,9.90221947677293
ERR3451061,8.951137636902084
ERR3451062,9.353270068739263
ERR3451063,9.497670494466156
ERR3451064,9.172016114313807
ERR3451067,9.622936859320056
ERR3451069,9.33617444958334
ERR3451070,10.004615936163164
ERR3451077,10.653312528618818
ERR3451079,9.454366801490444
ERR3451080,9.624731230005429
ERR3451081,9.815437204523308
ERR3451082,10.123939889143026
ERR3451083,9.709560374858432
ERR3451086,9.734696599047885
ERR3451089,9.634719724574987
ERR3451090,9.902613023795752
ERR3451092,9.384650201832844
ERR3451093,9.975957908281318
ERR3451094,9.665258830243742
ERR3451096,9.454898408432582
ERR3451097,9.842723336578349
ERR3451098,10.082240670063635
ERR3451099,9.8021501662494
ERR3451101,9.336892595996186
ERR3451102,10.157069781463736
ERR3451104,9.579838993030029
ERR3451105,9.441099503174645
ERR3451106,9.812287531037528
ERR3451107,9.906567332090546
ERR3451108,9.768435454371453
ERR3451109,10.770198760247151
ERR3451112,9.321116940569098
ERR3451113,9.810615647122148
ERR3451116,10.343201270137214
ERR3451117,9.88746228997896
ERR3451119,9.591685590922168
ERR3451120,9.01867315244522
ERR3451121,9.374048172491303
ERR3451122,9.492653620716524
ERR3451123,10.277307353050782
ERR3451124,10.327083810266256
ERR3451125,10.25365543275422
ERR3451126,9.649612552555386
ERR3451127,9.49727873440022
ERR3451129,9.850312765023258
ERR3451130,10.088085547823615
ERR3451132,10.621421927457236
ERR3451135,8.53488211655924
ERR3451136,8.095678482342933
ERR3451137,9.862685078770104
ERR3451145,10.625667869096326
ERR3451146,10.312470450318823
ERR3451147,10.651329387316457
ERR3451148,10.031049002086396
ERR3451149,10.380799283027969
ERR3451150,9.48161380434367
ERR3451151,9.956390139482124
ERR3451152,9.26281277238383
ERR3451154,10.319398719064024
ERR3451155,9.509800383017998
ERR3451156,9.00395951573087
ERR3451157,9.625583324668126
ERR3451158,9.886827083961448
ERR3451161,10.294993551562095
ERR3451162,10.247326117279988
ERR3451167,9.898284659023284
ERR3451172,9.963984709496122
ERR3451173,10.412790189787689
ERR3451176,9.670971734676383
ERR3451177,10.529627558019238
ERR3451180,9.872541648872389
ERR3451181,9.456762741921866
ERR3451183,10.334278559441891
ERR3451184,9.911890933343786
ERR3451189,10.2417103224757
ERR3451190,9.916187652554932
ERR3451193,9.581314393990004
ERR3451195,8.240955880809782
ERR3451198,7.972158481785894
ERR3451205,9.834905385173752
ERR3451207,9.665381656530878
ERR3451208,9.539736993586676
ERR3451210,9.657199938135903
ERR3451211,9.914026335843047
ERR3451214,9.760341959976262
ERR3451215,9.90485915644708
ERR3451218,9.3969204454902
ERR3451219,10.587379868144057
ERR3451220,9.12545372833172
ERR3451221,9.762711041920724
ERR3451222,9.174040080535676
ERR3451225,10.18072569341353
ERR3451226,10.202763158488972
ERR3451229,9.775839815073269
ERR3451230,9.616655656654608
ERR3451232,9.04005586308648
ERR3451238,9.839765802141422
ERR3451240,9.914275800102702
ERR3451243,9.098462570725625
ERR3451244,10.266396610068892
ERR3451245,10.20687418486692
ERR3451251,9.965560807067584
ERR3451254,10.0574089094211
ERR3451256,9.875944373713796
ERR3451260,10.45970688966056
ERR3451261,8.502544284591105
ERR3451266,10.047007939071388
ERR3451267,9.677606747387728
ERR3451270,9.508483818551952
ERR3451271,10.140821239076246
ERR3451272,9.690132149546413
ERR3451277,9.579412784227104
ERR3451278,9.758132418778311
ERR3451284,9.375224663010435
ERR3451285,9.953167096480666
ERR3451286,10.090241997189334
ERR3451287,10.264359208544748
ERR3451288,11.015794952899968
ERR3451289,10.601300760865067
ERR3451290,9.072520017434162
ERR3451291,9.437286245537978
ERR3451292,9.769798760421216
ERR3451293,10.37540032646437
ERR3451295,9.641024606915796
ERR3451296,9.9240599418748
ERR3451297,9.71410738728252
ERR3451300,9.625424070871668
ERR3451302,10.254986998914111
ERR3451303,10.152158476641103
ERR3451305,9.599510034973688
ERR3451306,9.961761825253532
ERR3451307,9.85337730408622
ERR3451308,10.637832752892246
ERR3451310,9.905295189577272
ERR3451311,8.166993121738013
ERR3451314,9.344649541691808
ERR3451315,9.278736524818733
ERR3451317,10.738597250701671
ERR3451318,10.60732711467547
ERR3451320,9.648891273068958
ERR3451321,9.788620773616689
ERR3451322,10.42475193023314
ERR3451324,9.079539797594284
ERR3451326,8.908463194225217
ERR3451327,9.593923207325917
ERR3451330,10.42842146121808
ERR3451331,9.4835775637348
ERR3451333,9.360231191082514
ERR3451334,10.08710049428983
ERR3451335,9.62289135630498
ERR3451336,10.336631044984076
ERR3451338,10.82766575099229
ERR3451339,10.400581589193694
ERR3451341,9.684070311381353
ERR3451343,9.543017482001636
ERR3451344,9.19051411001912
ERR3451348,9.9962555477491
ERR3451350,9.542122769463724
ERR3451351,9.814003935837226
ERR3451352,9.343483345641138
ERR3451353,10.121890485930235
ERR3451359,9.49113808747822
ERR3451361,10.158158364442157
ERR3451362,9.76611898642233
ERR3451363,9.632703066176374
ERR3451364,8.74146312773297
ERR3451365,9.642765202846247
ERR3451367,9.555385193813423
ERR3451369,9.973635850472215
ERR3451370,10.350717948837008
ERR3451371,10.195630014188614
ERR3451372,8.495334386797042
ERR3451373,10.518762814213114
ERR3451374,10.3680675392791
ERR3451375,11.646556719759436
ERR3451378,10.059535594024338
ERR3451379,10.866799025151211
ERR3451380,8.80032410054879
ERR3451384,9.926486746220233
ERR3451385,10.499333024560798
ERR3451387,9.472932436761274
ERR3451388,10.0777115661562
ERR3451389,9.351201202452534
ERR3451390,9.922508998486483
ERR3451391,9.182041819357051
ERR3451394,11.116915621354476
ERR3451395,9.745819841022762
ERR3451396,8.892207124395755
ERR3451397,7.235647173746054
ERR3451398,9.677000700767776
ERR3451399,8.862078953859582
ERR3451400,10.050998462827094
ERR3451402,10.593875546740506
ERR3451403,9.865614700137405
ERR3451404,10.106150195896488
ERR3451406,9.410127799349883
ERR3451407,9.760854844909554
ERR3451409,10.383171087177274
ERR3451410,9.943409252233064
ERR3451411,9.977839942548588
ERR3451412,10.300687578645364
ERR3451413,10.078569539729752
ERR3451414,10.289009343748742
ERR3451415,10.25518841227852
ERR3451417,9.37773247575204
ERR3451418,9.775361338314232
ERR3451420,9.832812176089163
ERR3451423,9.429642389356491
ERR3451424,9.659745450389725
ERR3451425,9.373494917849564
ERR3451426,9.161196941161789
ERR3451429,9.332114868459064
ERR3451430,9.510354671235214
ERR3451432,9.204927741517606
ERR3451433,9.771390031386938
ERR3451434,8.997066469554403
ERR3451435,9.303547191313202
ERR3451436,10.761429028923216
ERR3451439,9.431972780193648
ERR3451443,9.171862034557096
ERR3451444,8.420400865312814
ERR3451445,8.85385596244257
ERR3451447,9.922737094016892
ERR3451448,9.059814800518923
ERR3451449,9.47746367237212
ERR3451450,10.236427966333729
ERR3451451,10.215076493779067
ERR3451452,10.023088579046306
ERR3451453,10.381805465478552
ERR3451454,10.072687569340149
ERR3451456,10.734682405656468
ERR3451457,9.54764879476114
ERR3451460,10.33476853986414
ERR3451462,9.846849218588522
ERR3451463,10.231696963217914
ERR3451464,9.96457445419255
ERR3451465,9.048455133042427
ERR3451467,9.721051877011137
ERR3451468,9.804488886539884
ERR3451469,9.71224866087916
ERR3451471,8.964292600364447
ERR3451472,10.438660904141294
ERR3451473,9.054324924890054
ERR3451475,9.06464751125504
ERR3451477,9.728645023687235
ERR3451478,9.922522079001643
ERR3451480,10.014275233654388
ERR3451481,11.516572975591703
ERR3451482,9.895211834355544
ERR3451484,10.111265827982873
ERR3451485,9.854421546905732
ERR3451486,10.15161263706692
ERR3451488,9.187106382526409
ERR3451489,9.424945452117116
ERR3451490,9.566901896508094
ERR3451491,9.787800305022362
ERR3451492,8.5648355064767
ERR3451494,8.794818990262844
ERR3451495,11.0959713732885
ERR3451497,9.85235509872921
ERR3451501,10.450231004263824
ERR3451502,9.17037901376512
ERR3451503,10.017854582656172
ERR3451504,10.16769664891708
ERR3451505,9.959291873798444
ERR3451506,9.350850326252598
ERR3451507,8.739411313497643
ERR3451508,9.736463967522043
ERR3451510,10.004695257621036
ERR3451512,9.79596007050217
ERR3451514,9.163437944776136
ERR3451515,10.24807813619668
ERR3451517,10.454186095424909
ERR3451523,10.366154529232832
ERR3451524,9.958697934768493
ERR3451525,9.746264607717366
ERR3451529,9.77128659469438
ERR3451531,9.814779772429674
ERR3451532,9.406155690493026
ERR3451533,9.550611333764316
ERR3451534,8.95741136921607
ERR3451536,8.874505321760532
ERR3451537,9.207533233676106
ERR3451540,10.269355050420918
ERR3451541,9.338141235371015
ERR3451543,9.75938442663856
ERR3451544,9.66621565368878
ERR3451545,10.079047346512752
ERR3451546,10.529190536442384
ERR3451549,10.158297241270322
ERR3451551,10.307060341420748
ERR3451552,9.87057839067792
ERR3451556,10.200449348270151
ERR3451558,10.285748592179187
ERR3451560,9.921880704267018
ERR3451561,9.569776091095532
ERR3451562,8.89883117566302
ERR3451564,7.52453600161442
ERR3451565,9.619140292794238
ERR3451567,10.001874321536585
ERR3451568,10.024177755587456
ERR3451570,9.029615001414223
ERR3451571,9.933640883146834
ERR3451572,9.536140244862883
ERR3451574,9.54258506323258
ERR3451575,10.228480588041707
ERR3451578,9.959180946666017
ERR3451579,10.001657292256262
ERR3451581,9.484106937258266
ERR3451582,9.9745964002949
ERR3451583,10.191807331511834
ERR3451585,10.175865405441112
ERR3451586,9.759363601624
ERR3451587,10.476417578274477
ERR3451588,10.002786361948814
ERR3451589,10.110624007099217
ERR3451590,10.858520157669334
ERR3451591,8.922900470142727
ERR3451592,8.552491408299453
ERR3451593,10.259154361006868
ERR3451594,10.246374197116136
ERR3451598,8.883740370238662
ERR3451599,8.760298938883594
ERR3451601,10.120823268186731
ERR3451604,9.981889157066403
ERR3451606,10.522444800029485
ERR3451607,9.7774689000605
ERR3451608,9.93139450104088
ERR3451609,10.145340289392534
ERR3451610,9.490673178776111
ERR3645028,9.637830528746637
sample_10000,9.35473120570035
sample_10001,8.63528842162185
sample_10002,9.980987563750432
sample_10003,9.899599131374236
sample_10004,9.794170260994818
sample_10006,9.551595595284583
sample_10007,9.082586188590708
sample_10008,9.919131566097429
sample_10009,9.898470249223331
sample_10011,8.074940142892958
sample_10012,10.213517309717435
sample_10013,8.23965111363057
sample_10014,8.972007831203506
sample_10015,8.83950942472029
sample_10016,10.172645288432422
sample_10017,10.193492753341904
sample_10018,10.498706616587572
sample_10019,9.033896490867733
sample_10020,8.949859314968686
sample_10021,10.649437504725883
sample_10022,9.126150946620385
sample_10023,10.01875131626822
sample_10024,7.153418431293688
sample_10025,9.41292125690168
sample_10026,9.26093822506048
sample_10027,9.484216619680987
sample_10028,9.97128428986464
sample_10029,9.682454191021815
sample_10030,9.085758272829333
sample_10031,9.47743636311796
sample_10032,10.58098439641851
sample_10033,9.416913081721583
sample_10034,10.281545281527372
sample_10035,9.382850693662611
sample_10037,9.4290460428731
sample_10038,10.115347807413706
sample_10039,9.363420983285344
sample_10040,9.113113564255936
sample_10042,8.808543971662536
sample_10043,9.437990614775112
sample_10044,10.497393388630648
sample_10055,9.172256303870723
sample_10057,10.12249764710744
sample_10058,9.064992299096565
sample_10059,9.64824004117609
sample_10060,10.156036181434796
sample_10061,10.30431530276908
sample_10062,9.902327267380864
sample_10063,10.02115193100513
sample_10064,9.383464528137766
sample_10065,8.58603733205009
sample_10066,8.553155183071688
sample_10067,9.541295891033144
sample_10068,10.416309519346605
sample_10069,9.60213449167651
sample_10070,9.141455230493586
sample_10071,9.779050762349206
sample_10072,9.144740425881048
sample_10073,9.028820175116394
sample_10074,8.679862282150406
sample_10075,9.76926984829542
sample_10077,9.987444053612688
sample_10078,10.334221506648843
sample_10079,8.176268694952396
sample_10080,10.49914431824016
sample_10081,9.712039021084289
sample_10082,10.55247649971083
sample_10083,11.016659458048514
sample_10084,9.698453842903607
sample_10086,9.901160654635776
sample_10087,9.807517369715477
sample_10088,9.452709115469489
sample_10089,9.77546750598203
sample_10090,8.316288329237523
sample_10092,10.08863897683516
sample_10093,10.583245958551789
sample_10094,8.868025809484491
sample_10095,10.381430448401602
sample_10096,9.663133502344706
sample_10097,9.562759887643187
sample_10098,9.878242265889424
sample_10099,8.816208426891716
sample_10100,8.98531268756293
sample_10101,9.473382032619927
sample_10102,8.855673470940525
sample_10103,8.252217367944409
sample_10104,8.958773419136868
sample_10105,6.664887958808749
sample_10106,9.860199272885149
sample_10107,8.93697077064938
sample_10108,7.708521140510328
sample_10109,10.385261560283936
sample_10110,10.299491101968083
sample_10111,9.400864582855116
sample_10112,9.57569084104411
sample_10113,9.46403621845166
sample_10114,9.681796357266505
sample_10115,10.457759906554696
sample_10116,9.03201090138839
sample_10117,10.029785573920538
sample_10118,10.289430646255216
sample_10119,9.125246465373747
sample_10120,10.487760064539287
sample_10121,10.066667650987029
sample_10122,9.984471881310592
sample_10123,9.852982679915057
sample_10124,9.87183359892011
sample_10125,9.551281222106116
sample_10127,8.959421471511172
sample_10128,10.639191704057648
sample_10129,8.777533928260972
sample_10130,10.015608472269928
sample_10131,8.658980308381835
sample_10930,9.578660419446203
sample_10931,8.601566669367637
sample_10932,8.919047899403699
sample_10933,9.936093856643996
sample_10935,10.281774443784515
sample_10941,9.64765278281886
sample_10942,10.412686477600378
sample_10943,10.486305150501034
sample_10945,10.02666369443458
sample_10947,9.144792406393549
sample_10950,9.743758135950376
sample_10951,9.223474105525224
sample_10953,10.434744491660076
sample_10954,9.949016958431711
sample_10955,9.430582736582856
sample_10957,9.35531690854432
sample_10960,9.1977579824414
sample_10962,8.956812406337514
sample_10963,10.078994393109754
sample_10965,10.293039860184413
sample_10968,8.648979437196976
sample_10970,9.68520635478151
sample_10971,9.322767082668916
sample_10973,7.477832814354468
sample_10981,9.98879359174119
sample_10982,10.329404004633153
sample_10983,9.694114933206638
sample_10984,10.384976873009922
sample_10988,9.052991096875378
sample_10990,9.667708798045677
sample_10991,10.41405646166144
sample_10992,9.991256762429984
sample_10994,9.58770155510211
sample_10996,10.112317968842312
sample_10998,8.384512418896161
sample_11001,9.98158108340957
sample_11002,9.649051282897382
sample_11003,8.783866954484552
sample_11005,9.297900058339962
sample_11007,10.323856416871656
sample_11008,9.784396363019267
sample_11014,9.331445024774528
sample_11015,9.910895804510888
sample_11017,8.93718029452267
sample_11019,10.042634700787474
sample_11020,10.38332283363295
sample_11022,10.265886012290716
sample_11025,10.741702022923969
sample_11026,9.252300717868415
sample_11028,8.827828794592335
sample_11030,9.607394333056025
sample_11031,10.212811073948368
sample_11037,10.568064115904429
sample_11039,9.624195994588948
sample_11043,7.805906730058055
sample_11044,10.688349832573422
sample_11046,9.590527500779496
sample_11048,8.172829142252406
sample_11049,9.773265795656728
sample_11053,9.02846993825252
sample_11056,9.2315523781595
sample_11057,8.5106474129915
sample_11058,10.014270644115816
sample_11059,9.061562340776373
sample_11060,10.104259987786037
sample_11063,10.413034785857464
sample_11065,10.03094726587759
sample_11070,9.992422353814105
sample_11072,9.400784370174811
sample_11077,6.998012158497904
sample_11080,9.988297990893946
sample_11083,9.907185808677966
sample_11091,9.551045010078678
sample_11092,10.69556233069446
sample_11095,9.486765484097534
sample_11098,9.802149161490908
sample_11101,9.931240740468748
sample_11103,9.923472983328162
sample_11105,9.115711234196914
sample_11106,8.83341540033455
sample_11108,10.300616298724815
sample_11110,9.26898421972536
sample_11112,7.772416135250501
sample_11114,9.427347887545135
sample_11115,8.573457306386562
sample_11116,8.082891556851386
sample_11118,9.175344103085529
sample_11125,10.205107416159096
sample_11126,9.655668173533735
sample_11127,9.520100421643162
sample_11136,9.94452266380329
sample_11137,9.472557285657246
sample_11140,9.34625135686044
sample_11142,9.680778559047033
sample_11143,9.569696978041645
sample_11145,10.376180308191996
sample_11147,9.613753727323278
sample_11148,8.94339514193403
sample_11153,9.275813746304031
sample_11154,9.492043539871371
sample_11156,9.399751305813218
sample_11158,9.410718475831212
sample_11161,8.826499367637151
sample_11162,9.903405012665962
sample_11163,8.813982114867917
sample_11167,9.999712191309746
sample_11170,9.397994171637068
sample_11173,9.524478200062756
sample_11176,10.383183398886665
sample_11177,9.881045975146336
sample_11182,9.784984272297864
sample_11189,9.975907629540146
sample_11192,9.041937470375872
sample_11194,9.82606365809391
sample_11195,10.03476793799224
sample_11207,10.149485698458246
sample_11208,9.12629413450305
sample_11209,9.1275050149825
sample_11210,9.431216709953594
sample_11212,9.868869747856492
sample_11215,9.917110199965093
sample_11216,9.96167246842764
sample_11219,9.0741701892054
sample_11220,10.5121363375409
sample_11223,9.31497263947518
sample_11226,9.601954886576682
sample_11227,9.14004568996388
sample_11232,9.739342621008706
sample_11236,9.581507421579404
sample_11240,8.590678540028186
sample_11242,9.047323457100998
sample_11248,9.739795048215193
sample_11251,10.393547795650052
sample_11255,11.151976394984548
sample_11263,9.404448326881994
sample_11266,9.744790278972756
sample_11271,10.480744795099795
sample_11272,8.122872521105437
sample_11280,10.052143438276527
sample_11287,10.640274882144476
sample_11288,10.036619230002692
sample_11289,9.396759163416286
sample_11291,9.502248326822055
sample_11292,9.736723240252577
sample_11293,8.796329207886489
sample_11295,9.791703156855435
sample_11301,10.323106460075742
sample_11303,8.804244149620294
sample_11315,10.258858289309288
sample_11322,9.52078511190693
sample_11325,10.256811928839165
sample_11326,8.88257883404329
sample_11328,9.714598751390298
sample_11334,8.713834573278065
sample_11335,10.060015411593502
sample_11342,8.831982117993581
sample_11343,10.514247400317448
sample_11346,9.954078743779258
sample_11349,9.30385585234166
sample_11351,9.277580659213642
sample_11353,10.035851142926411
sample_11356,9.035880380788946
sample_11360,10.59034445295545
sample_11363,9.92673950096239
sample_11364,9.269475487745463
sample_11366,10.211281602778538
sample_11369,9.677850304823444
sample_11370,10.118430376388316
sample_11371,10.299389882560783
sample_11373,8.58837265782668
sample_11375,9.3945524230839
sample_11381,9.850912965408783
sample_11386,9.33606670700365
sample_11387,9.934201729459488
sample_11388,9.299857869634511
sample_11389,8.974588608783707
sample_11392,10.6835041515308
sample_11393,9.233859939876538
sample_11397,9.536788451180142
sample_11400,9.653139416010704
sample_11403,9.405752829755125
sample_11405,8.854869148015123
sample_11406,10.174243429651645
sample_11407,8.061985980710775
sample_11409,9.263768245243222
sample_11411,9.809472242294053
sample_11412,8.567658064380561
sample_11416,9.711743064124844
sample_11422,10.420022249398816
sample_11423,9.92796085238856
sample_11425,9.740108456942078
sample_11427,9.44841607933173
sample_11428,9.457825546376275
sample_11431,10.120808759716102
sample_11434,10.208453312152264
sample_11437,7.036660051678924
sample_11440,10.570477770638604
sample_11441,9.861662234030812
sample_11444,9.78429274595713
sample_11446,10.4665541919852
sample_11450,9.36277483440279
sample_11454,10.297407451635324
sample_11455,10.475975710240304
sample_11457,9.02549062824968
sample_11458,9.585970432216566
sample_11469,9.915207880874728
sample_11476,10.213194619526416
sample_11479,8.972171051728447
sample_11481,8.926017013144525
sample_11482,9.735828610347
sample_11486,9.81121027356266
sample_11489,9.184328066696834
sample_11493,8.447976716184002
sample_11494,10.191910690763589
sample_11495,9.558539742385795
sample_11497,9.141214683236903
sample_11499,8.596797251083796
sample_11506,10.462141038922775
sample_11507,8.372096635678012
sample_11511,8.274515652056378
sample_11512,8.803181914988052
sample_11513,9.430729646133956
sample_11519,8.453420510692943
sample_11521,9.75541793020822
sample_11522,8.403933140930492
sample_11524,9.094245313176687
sample_11525,9.584959749301264
sample_11527,9.606677810219043
sample_11528,10.34527417403419
sample_11530,9.247501395700857
sample_11533,9.460814076524578
sample_11540,9.24531660324294
sample_11541,9.38388072432183
sample_11544,9.979433676318797
sample_11545,9.372052049100386
sample_11546,8.387480220870732
sample_11548,8.811335552874944
sample_11549,10.522458895906668
sample_11550,9.8757826860796
sample_11554,9.634538534826344
sample_11555,9.565919704870558
sample_11558,9.926336523130136
sample_11559,9.808072384821807
sample_11566,8.315772959899553
sample_11568,10.497633985110198
sample_11569,9.7435352220761
sample_11570,10.08973678439154
sample_11572,9.88202402563728
sample_11574,9.930894148110267
sample_11576,9.6038582297062
sample_11577,8.784180893422771
sample_11578,9.826014405627514
sample_11579,10.09853249275943
sample_11582,8.986537106283793
sample_11596,9.31277911794538
sample_11598,9.98284291862632
sample_11601,8.30161489947088
sample_11603,8.91068782016068
sample_11604,9.816821478433464
sample_11607,10.620561029495738
sample_11608,9.912241967781334
sample_11611,10.310725032204788
sample_11614,8.70519561615371
sample_11620,8.615234425908941
sample_11628,9.688695155664258
sample_11629,9.836197832971036
sample_11631,9.98182870750765
sample_11633,9.267835925113806
sample_11635,9.340564497076937
sample_11637,8.20230916589533
sample_11638,9.803996496262906
sample_11640,10.30099227513844
sample_11642,8.972721901480739
sample_11643,9.309386608658448
sample_11644,8.574924953591017
sample_11645,8.676243760857938
sample_11647,9.450980372023214
sample_11650,9.24217018337758
sample_11651,9.498890798057111
sample_11652,8.553573544796029
sample_11654,9.898582142357542
sample_11656,10.10195389213486
sample_11657,10.693684009953005
sample_11658,9.815903534783835
sample_11662,8.671356003979323
sample_11663,9.727742826144292
sample_11667,9.661479622121904
sample_11668,9.973910661794232
sample_11674,10.191901049547846
sample_11676,8.166339356412042
sample_11680,8.520419074901662
sample_11683,9.301783954628094
sample_11684,8.75026799605869
sample_11686,10.221918278484534
sample_11687,8.958270967527746
sample_11694,10.395590962896357
sample_11698,10.103533261704833
sample_11703,8.824915163420503
sample_11704,9.892646727105866
sample_11706,8.965842100033749
sample_11712,9.002893938311034
sample_11716,8.351217719617436
sample_11718,9.614247049562533
sample_11729,7.947715801310687
sample_11732,10.162651699280849
sample_11735,8.962786342516281
sample_11736,10.060717043805193
sample_11737,10.244819314167684
sample_11740,9.572430460507915
sample_11746,9.928811386787991
sample_11751,9.46604676841568
sample_11754,8.990076615864297
sample_11759,8.213938275493792
sample_11762,9.526789141531252
sample_11763,9.063494544864088
sample_11766,10.40541874739291
sample_11767,9.754647716121909
sample_11773,9.763983294204415
sample_11777,9.840390379369849
sample_11778,7.840269446339171
sample_11780,10.794160976885982
sample_11783,9.004732935053982
sample_11786,9.410200506887447
sample_11789,9.74715070451664
sample_11790,9.997426670874775
sample_11796,9.242648817298202
sample_11797,9.015615420568832
sample_11798,9.42895564971599
sample_11799,8.483822030478128
sample_11803,9.81121046072248
sample_11804,9.4760779214069
sample_11805,8.43169614301358
sample_11807,9.578566038668122
sample_11809,10.414096320865314
sample_11810,10.02810410885233
sample_11812,8.520240034858537
sample_11813,9.563582783082133
sample_11820,6.846995656694073
sample_11821,9.22305433807247
sample_11825,9.086252302686288
sample_11834,9.790903647142018
sample_11835,9.389674851766513
sample_11838,9.520989559032571
sample_11847,10.222207780683796
sample_11850,9.639463473594178
sample_11853,9.867131841012164
sample_11854,9.377645478426796
sample_11855,10.629475258510924
sample_11857,8.701269478708962
sample_11860,10.608156229991188
sample_11861,9.725747650190064
sample_11865,9.710833305451194
sample_11866,9.86823472112114
sample_11868,9.037291961636528
sample_11870,8.95681925159475
sample_11873,9.279941430781282
sample_11875,9.848200971146667
sample_11877,9.506823450763337
sample_11879,9.695513308971783
sample_11884,9.044737260596628
sample_11885,9.173728725268951
sample_11887,10.546492849834904
sample_11891,9.122151633589237
sample_11894,9.40186867443791
sample_11895,8.413686346008655
sample_11896,10.743237588268448
sample_11901,10.07168955221058
sample_11909,10.374513283863651
sample_11910,9.1749847724124
sample_11915,8.951723135831175
sample_11920,10.300902483795063
sample_11923,9.118141757203732
sample_11924,9.692729105705256
sample_11929,10.301679336218085
sample_11931,8.996429735725922
sample_11932,9.50746450068195
sample_11933,8.683423047734582
sample_11936,9.061051047185408
sample_11942,7.618176360307396
sample_11944,10.37659159381969
sample_11948,9.207703732363283
sample_11950,10.524376735479816
sample_11953,10.426595393984956
sample_11954,7.780032795049632
sample_11955,9.18193418379787
sample_11957,10.187815566000491
sample_11959,10.597731101379908
sample_11960,8.488292378187937
sample_11961,9.360577638893965
sample_11962,8.526244768071352
sample_11963,10.260262442262343
sample_11965,9.954990958186276
sample_11974,9.235003699873634
sample_11979,9.042360367890174
sample_11982,10.671399505926455
sample_11986,9.27581665666083
sample_11989,9.12321915554186
sample_11994,8.327507499826044
sample_11995,9.272205089098534
sample_11997,10.100251735487518
sample_12000,9.592603159241216
sample_12002,9.266998571187036
sample_12004,10.096341100703984
sample_12006,9.629908165981488
sample_12008,8.17422990299631
sample_12014,9.936084119539272
sample_12017,9.62773603330942
sample_12018,8.346456064750221
sample_12024,9.543809585092282
sample_12025,9.531137834959685
sample_12027,8.554748312544026
sample_12031,9.461634532748809
sample_12033,9.0385492893742
sample_12036,5.824332596559749
sample_12045,10.735622012160071
sample_12049,10.219233411239635
sample_12053,9.81617882911821
sample_12054,9.727185880144326
sample_12055,10.47627524894138
sample_12056,9.999659761695286
sample_12057,9.736994333054568
sample_12060,9.180063583192958
sample_12062,10.518005620843113
sample_12068,9.92398245581366
sample_12071,9.051469858428463
sample_12077,9.672393492439072
sample_12082,8.582907536664187
sample_12083,7.8768047534034045
sample_12084,10.15099423342644
sample_12085,9.333490462098244
sample_12089,10.41032673482868
sample_12090,7.422245402130555
sample_12091,9.212110860140092
sample_12092,8.587608110791946
sample_12098,10.093763945809588
sample_12101,8.95034545127646
sample_12102,10.121142549940256
sample_12103,9.716901770008914
sample_12104,9.40157496224944
sample_12105,8.733596630152046
sample_12110,9.3778430484485
sample_12111,9.957597937765554
sample_12115,10.077943724509218
sample_12116,8.83678173575901
sample_12118,8.753659561858695
sample_12119,9.708572209486114
sample_12123,9.903036760524673
sample_12125,7.465439114026785
sample_12128,9.328242813587892
sample_12134,10.033096477436114
sample_12135,9.829531263846343
sample_12137,9.080712661198016
sample_12138,8.352617766991365
sample_12139,9.952177511548337
sample_12142,9.89604465262822
sample_12143,9.059119181329416
sample_12144,8.517912412056598
sample_12146,9.178599333006485
sample_12148,9.749725371891737
sample_12151,9.04032586363486
sample_12152,9.655409717132454
sample_12158,10.387114803057951
sample_12160,10.232591021759298
sample_12163,8.248153568474804
sample_12164,9.15228862139393
sample_12168,9.495693997805676
sample_12169,9.347301877918715
sample_12172,7.314366623080057
sample_12180,9.699209759156952
sample_12181,7.795840578658555
sample_12182,10.019310598041754
sample_12188,10.360813200035237
sample_12191,8.42619859592084
sample_12193,9.718089682589188
sample_12194,9.852734647621244
sample_12195,9.419696918842671
sample_12196,10.11777754592186
sample_12200,9.1908971864821
sample_12203,10.263275754891216
sample_12205,9.053053448063924
sample_12207,7.859038363232242
sample_12209,9.888062423613269
sample_12210,8.0801767386935
sample_12211,10.187451539866776
sample_12213,10.592517434599015
sample_12218,9.441631146118826
sample_12220,9.482738217526792
sample_12224,9.027043547823297
sample_12228,10.1031378365257
sample_12230,8.34026827546509
sample_12232,10.769139363509526
sample_12233,9.096020514098482
sample_12236,10.338006816544336
sample_12241,9.834597366177258
sample_12246,7.967156529061535
sample_12249,9.054486672537903
sample_12253,9.350758503684506
sample_12256,9.69044544041246
sample_12265,9.983189991735648
sample_12266,9.701886442888348
sample_12267,10.053244577427838
sample_12268,9.793353378035675
sample_12270,9.874652347597896
sample_12274,10.064427181940024
sample_12275,9.299775362938048
sample_12281,9.35627639896488
sample_12285,9.865325129254396
sample_12289,10.363216581742137
sample_12293,9.51083405577248
sample_12295,9.95737378541934
sample_12296,10.217956884238315
sample_12299,10.162085481949092
sample_12302,9.00319746855919
sample_12304,9.387179734817446
sample_12312,9.49087360699198
sample_12313,10.621378327986813
sample_12322,10.181103976355542
sample_12323,9.460658842846875
sample_12324,10.475639943979198
sample_12325,10.52123016770316
sample_12326,9.055469219063434
sample_12331,10.213961032337512
sample_12332,10.008590268855077
sample_12334,8.49007412557649
sample_12335,10.128122151600015
sample_12337,9.422278571656696
sample_12338,7.473832828866707
sample_12339,10.488998689437036
sample_12343,9.62535751843862
sample_12346,8.419764663902706
sample_12348,9.821613058830136
sample_12352,10.28287602034034
sample_12353,8.05790926726858
sample_12356,9.770936979898948
sample_12357,9.615366507365218
sample_12362,8.481110226021302
sample_12367,9.6251132742718
sample_12370,10.001732377329231
sample_12371,10.221926781943626
sample_12373,9.608663969504423
sample_12375,10.389504483096498
sample_12376,9.527012457035328
sample_12381,10.084574642377248
sample_12386,9.10856325543764
sample_12394,9.907075709016606
sample_12395,8.550104081345843
sample_12397,9.679757323229456
sample_12399,8.956166356009396
sample_12403,10.082473067591469
sample_12404,9.95673090963735
sample_12405,9.700864216093573
sample_12406,10.041362226922615
sample_12408,10.42008633019072
sample_12416,9.710410272590558
sample_12420,9.354800067215
sample_12423,9.687395861524612
sample_12424,7.612647289085457
sample_12425,9.687992833319948
sample_12428,8.670755118461942
sample_12431,10.34471932011834
sample_12433,9.148800302038913
sample_12436,8.864495361908062
sample_12437,8.836287145033475
sample_12438,9.409876326228016
sample_12440,8.087852804363724
sample_12443,9.706521944821008
sample_12444,8.576920725276947
sample_12447,9.74818031049652
sample_12448,9.046669296470409
sample_12451,9.863427416364445
sample_12452,9.813927068648995
sample_12453,10.06566674946114
sample_12456,9.530484875779834
sample_12459,10.3197644970214
sample_12460,10.48826909498215
sample_12461,9.470211583717331
sample_12462,9.074555839804887
sample_12463,10.21631451025084
sample_12467,8.492399980466502
sample_12473,9.733215592597624
sample_12476,9.80803446463103
sample_12479,9.61492448216702
sample_12483,9.790015402504451
sample_12484,9.494876419679755
sample_12488,9.500404185179985
sample_12490,10.04036599356844
sample_12494,9.010390301357909
sample_12495,10.244618771192522
sample_12498,8.435852115467672
sample_12500,9.5137759907427
sample_12503,9.897611502097453
sample_12507,8.942997006818798
sample_12512,9.817575159371176
sample_12513,10.674685975300928
sample_12516,8.315752000365412
sample_12517,9.50834465734106
sample_12519,9.472920816843356
sample_12521,9.337045720820322
sample_12524,10.281943352281855
sample_12526,9.47301069847268
sample_12529,9.794101133111653
sample_12530,9.60319897168658
sample_12531,8.22950557134234
sample_12534,10.627283816910891
sample_12536,9.529043203233918
sample_12539,10.104922844136022
sample_12540,9.84587614170158
sample_12541,10.039880951714435
sample_12542,9.08111793584301
sample_12544,9.911004036251152
sample_12548,9.518203394851689
sample_12550,10.132377280668074
sample_12552,9.34164082070831
sample_12555,8.314704289865293
sample_12558,8.024795341984616
sample_12562,10.53605347560726
sample_12564,10.112572074166996
sample_12569,7.418076517241098
sample_12570,8.411245709042792
sample_12571,9.694539811204166
sample_12572,9.874044313930812
sample_12574,10.50973656588501
sample_12577,9.981302284210258
sample_12582,9.81860297197066
sample_12584,10.136735666397913
sample_12586,9.292821546097253
sample_12587,8.960877329170668
sample_12595,9.55291097227447
sample_12597,9.148823124657568
sample_12601,10.010688759402385
sample_12602,8.689943440878057
sample_12603,8.619660746639981
sample_12605,9.619405793423589
sample_12609,8.210098151434368
sample_12611,10.127718132701444
sample_12612,10.204270367580692
sample_12615,8.993441937157726
sample_12616,9.910134767869549
sample_12618,9.217740358200208
sample_12619,9.88269350472431
sample_12621,9.353399495727666
sample_12623,9.827900399054329
sample_12626,10.12199778213374
sample_12627,10.115514581067751
sample_12628,10.099401650951556
sample_12630,8.616463488429407
sample_12636,7.839107735197316
sample_12638,10.07681223582544
sample_12639,9.159151154037154
sample_12645,9.275975750214744
sample_12646,9.445537261955147
sample_12648,8.704933320992332
sample_12652,9.406689302663088
sample_12655,10.161637690210569
sample_12657,9.08632418375125
sample_12661,9.738189808765146
sample_12662,9.554976649691511
sample_12663,9.139826981092234
sample_12667,9.193268560945
sample_12671,10.449460766775513
sample_12678,9.84719893091112
sample_12681,9.064236318050376
sample_12683,10.226675752224144
sample_12685,10.658786891868576
sample_12688,9.607460591555816
sample_12689,9.466813590957829
sample_12691,7.404692134086606
sample_12692,9.815716082209663
sample_12693,9.161897486475567
sample_12694,9.245306818876616
sample_12696,9.694313894879024
sample_12698,9.566818908532708
sample_12701,7.076457699651724
sample_12703,9.062523339230902
sample_12704,9.468901708433572
sample_12710,8.972359614151971
sample_12711,8.252594379961542
sample_12713,9.930123992392206
sample_12716,8.438294163228587
sample_12719,9.509333072250756
sample_12720,9.042878305237444
sample_12721,9.678316479669268
sample_12733,9.545895511261412
sample_12735,8.53935567112604
sample_12738,9.8755709080585
sample_12739,10.031177435674834
sample_12746,9.038825658147248
sample_12748,7.551188745685099
sample_12749,9.259910422916665
sample_12751,9.0572036269331
sample_12752,8.617077397384517
sample_12755,9.80439291835144
sample_12758,10.003498920504343
sample_12760,10.636992095550578
sample_12765,8.455265599359572
sample_12767,9.476241497931614
sample_12768,8.816185933108398
sample_12771,9.814278317022216
sample_12773,9.471474929785836
sample_12778,8.97511828607302
sample_12779,9.013897311407389
sample_12781,8.030376200159393
sample_12782,9.354331796802246
sample_12783,8.163696310457373
sample_12784,8.981679763710465
sample_12785,8.414015399979744
sample_12789,9.672502247574146
sample_12790,9.906475930225245
sample_12795,10.020610519644048
sample_12797,8.054228167301963
sample_12799,10.744534465004318
sample_12800,9.737365074231086
sample_12802,9.590950368035411
sample_12804,10.151623361486534
sample_12805,9.06835363843589
sample_12806,9.258163132300387
sample_12817,9.336721387189744
sample_12819,9.218268720463485
sample_12827,10.088584218032183
sample_12832,8.746985041837533
sample_12833,9.760180469706809
sample_12835,9.987484469072012
sample_12836,9.73192872916603
sample_12838,9.751190043736193
sample_12841,9.167211293286286
sample_12846,10.203515193722916
sample_12847,9.11498369349343
sample_12849,9.116900535629377
sample_12850,9.44433381989394
sample_12852,10.28104517152148
sample_12854,9.968957156194934
sample_12857,10.332873025312828
sample_12860,9.927516448511492
sample_12861,9.632937247264644
sample_12863,8.438108224026319
sample_12864,10.052434847979638
sample_12866,8.996705786588535
sample_12872,9.1229949586455
sample_12874,9.16627574429262
sample_12876,6.885580601951987
sample_12878,10.26317851821546
sample_12880,8.49409060391176
sample_12881,8.693713858170659
sample_12885,7.629964167705978
sample_12886,10.05323903714613
sample_12887,10.11585473054626
sample_12890,9.234275545292382
sample_12891,8.438304160148425
sample_12894,9.49583187244914
sample_12895,9.583295783752812
sample_12897,9.56099587883977
sample_12898,9.253908276977242
sample_12899,8.732212677673301
sample_12901,9.10279065330066
sample_2734,8.648532333621487
sample_344,9.601278175037308
sample_3597,8.198026882443832
sample_4167,7.991738940299858
sample_8586,9.124539818809613
sample_8587,8.82114402587171
sample_8588,9.34333437156011
sample_8589,9.637305115080965
sample_8590,10.24706789504024
sample_8591,8.682916522211865
sample_8592,9.837438399056303
sample_8593,8.515469066015775
sample_8594,9.816616769375113
sample_8595,9.53593714381139
sample_8596,10.513582149591867
sample_8597,9.910364144874434
sample_8598,9.143523476290811
sample_8599,9.36505345237314
sample_8600,9.695127009176211
sample_8601,10.081939338756795
sample_8602,9.399233330199053
sample_8603,9.839170206186983
sample_8604,9.520393281980796
sample_8605,8.54058610256749
sample_8606,9.17578081375319
sample_8607,9.072624481941713
sample_8608,9.908096869055983
sample_8609,10.038008788698823
sample_8610,7.378583599424439
sample_8611,9.689650207775896
sample_8612,9.549866622225569
sample_8613,8.281050088210597
sample_8614,9.332669145974188
sample_8615,9.64833286616348
sample_8616,9.32021637319706
sample_8617,9.27928228358586
sample_8618,10.5330704164808
sample_8619,9.813189149344252
sample_8620,9.7549436135605
sample_8621,9.189077343825751
sample_8622,7.949697680639345
sample_8623,10.106967936364304
sample_8624,9.371745234368564
sample_8625,8.693301858041433
sample_8626,8.98880249505576
sample_8627,9.038607859341964
sample_8628,9.19829603457826
sample_8629,9.899693858132755
sample_8630,9.912106352516052
sample_8631,10.395247202593223
sample_8632,9.180676631510314
sample_8633,10.070987652713963
sample_8634,8.483344649298148
sample_8635,8.539600565464868
sample_8636,9.147783507438058
sample_8637,9.377808431361268
sample_8638,9.791950511949985
sample_8639,8.76543364489216
sample_8640,10.32015181720078
sample_8641,9.28062595839761
sample_8642,10.374250201847516
sample_8643,8.9656270018934
sample_8644,9.317509652563444
sample_8645,9.957414401291112
sample_8646,9.04067905939604
sample_8647,9.606145860876184
sample_8648,9.762247837637483
sample_8649,10.148818327784156
sample_8650,10.34171318523658
sample_8651,9.930755428012684
sample_8652,9.64727088488878
sample_8654,10.02784895595584
sample_8655,10.882284256052548
sample_8656,9.679369280742428
sample_8657,10.160209407405995
sample_8658,9.648536964212084
sample_8659,9.332075492326585
sample_8660,9.36029099242472
sample_8661,10.18717172456696
sample_8662,9.402998140502026
sample_8665,9.59188841781229
sample_8666,10.197941228852718
sample_8667,10.7808673228554
sample_8668,9.827448921059206
sample_8669,8.362189795863344
sample_8670,10.159474846684272
sample_8671,9.008248527784271
sample_8672,10.26878523561513
sample_8673,10.01299257411255
sample_8674,10.26582419323102
sample_8675,10.013857589621772
sample_8676,9.67785496715238
sample_8677,9.573626724434645
sample_8678,8.262611783882377
sample_8679,10.349911349587058
sample_8680,9.183490027390066
sample_8681,8.991954261083153
sample_8682,9.242238880185552
sample_8683,9.558861895161424
sample_8684,9.569428963786203
sample_8685,9.0225483785591
sample_8686,10.506876673648884
sample_8687,9.592729183813828
sample_8688,9.522734378627176
sample_8689,9.353726604663784
sample_8690,10.428423732031275
sample_8691,9.307811158712813
sample_8692,9.661245176264702
sample_8693,8.214976167517948
sample_8694,10.095820970990369
sample_8695,9.506984595301368
sample_8696,10.24561418548078
sample_8697,10.847059625741954
sample_8698,9.739622087830224
sample_8699,9.196573438152402
sample_8700,9.34797578970785
sample_8701,10.378600835737211
sample_8702,8.907342607790735
sample_8703,7.614118018870052
sample_8704,9.941441788972774
sample_8705,10.326837116821732
sample_8706,8.867774859396343
sample_8707,8.950694633855498
sample_8708,9.382831976225017
sample_8709,9.324372800842688
sample_8710,9.840082239345556
sample_8711,9.506811996389915
sample_8712,9.170908780078127
sample_8713,10.250191805929289
sample_8714,9.962255177294503
sample_8715,8.995434996265159
sample_8716,9.547538364475177
sample_8717,8.42511911091353
sample_8718,9.84324464240918
sample_8719,9.411614334179928
sample_8720,10.137794312910303
sample_8721,9.933584991901084
sample_8722,9.313117872169496
sample_8723,7.973524256893856
sample_8724,9.838270512762662
sample_8725,9.194483280384365
sample_8727,8.702113475047925
sample_8728,9.59031689780583
sample_8729,9.666451629549456
sample_8730,9.451958574799407
sample_8731,9.034376152828376
sample_8732,10.012068614932424
sample_8733,7.390112074123201
sample_8734,9.49992915164935
sample_8735,9.320263799631364
sample_8736,9.84101509868658
sample_8737,9.8871277383481
sample_8738,10.205631792179863
sample_8739,9.886082398176075
sample_8740,9.895164494135772
sample_8741,9.718807053718653
sample_8742,8.989648377837563
sample_8743,10.15983705892524
sample_8744,10.114616223785935
sample_8745,9.881573544827976
sample_8746,10.414766337486784
sample_8747,9.847055962104548
sample_8748,9.28379431346242
sample_8749,8.6931036689662
sample_8750,9.892436556568803
sample_8751,9.885836667384794
sample_8752,10.154559854138656
sample_8753,9.831435212632623
sample_8754,10.364947391265968
sample_8755,8.395911099774654
sample_8756,9.75187816942996
sample_8757,8.531084618038843
sample_8758,9.807296796024012
sample_8759,7.830657821106158
sample_8760,9.796962946433233
sample_8761,9.537284159989769
sample_8762,10.634424840657312
sample_8763,10.034880779690196
sample_8765,9.029184594701544
sample_8766,8.65269042262973
sample_8767,9.238576397773066
sample_8768,10.063684739043104
sample_8769,9.906319663841956
sample_8770,9.356219624788569
sample_8771,8.822354393167608
sample_8772,10.2279516751604
sample_8773,9.185499307830218
sample_8774,10.235669389765906
sample_8775,10.190115901946532
sample_8776,9.038968290912816
sample_8777,9.58103213340916
sample_8778,9.155350023930977
sample_8779,10.515044119735885
sample_8780,10.541473618939412
sample_8781,10.399725505250904
sample_8782,9.123776906474731
sample_8783,9.96332118577634
sample_8784,9.058216642558966
sample_8785,8.540273931311484
sample_8786,8.5171128496599
sample_8787,8.932391957408337
sample_8788,9.694303303716152
sample_8789,10.436684472424568
sample_8790,9.68336977721556
sample_8791,9.100331854261354
sample_8792,8.559851390664546
sample_8793,10.26573459559134
sample_8794,9.450726725078392
sample_8795,9.02622772529941
sample_8796,10.31910678984285
sample_8797,9.78254614070574
sample_8798,9.663283317106824
sample_8799,9.774947175817513
sample_8800,7.921346515530109
sample_8801,9.187544904210617
sample_8802,9.53927358818592
sample_8803,9.06765855983252
sample_8804,9.057386775675544
sample_8806,10.402294205157949
sample_8807,10.047114985209616
sample_8808,9.120671074855466
sample_8809,8.90306915160224
sample_8810,10.151399462249382
sample_8811,9.926255261650237
sample_8812,8.809778858976811
sample_8813,8.450517000387846
sample_8814,9.036467917845414
sample_8815,10.36206622182196
sample_8816,8.017078944772097
sample_8817,9.449122806831726
sample_8818,10.095013804580615
sample_8819,9.951450515821398
sample_8820,8.406431156399407
sample_8821,9.820248879658177
sample_8822,10.224570608438428
sample_8823,9.773869774074347
sample_8824,8.561633000688602
sample_8825,10.21511173878348
sample_8826,9.807025473365796
sample_8827,10.66010105538801
sample_8828,9.202291561852393
sample_8829,8.646919964630138
sample_8830,10.432854887348112
sample_8831,9.349551444936674
sample_8832,9.84653159952131
sample_8833,8.013217183690154
sample_8834,9.573687420663552
sample_8835,9.998606896683135
sample_8836,8.617117086350103
sample_8837,10.369916636129668
sample_8838,9.465056065336343
sample_8839,9.806306994482355
sample_8840,10.056400394703893
sample_8841,9.50042372630447
sample_8842,10.36652234263387
sample_8843,10.227111206264674
sample_8844,10.231475957206982
sample_8845,10.474636139155688
sample_8846,9.932106878503916
sample_8847,9.533140517262073
sample_8848,8.921049858195863
sample_8849,9.573189662477022
sample_8851,10.182893512898994
sample_8852,9.759688070670824
sample_8853,8.75453672656368
sample_8854,9.568529103800056
sample_8855,9.39768557812964
sample_8856,10.032330717571115
sample_8857,8.806029986502411
sample_8858,10.309954842519245
sample_8859,8.144041003538556
sample_8860,8.954786081713161
sample_8861,8.084608103058914
sample_8862,10.140066084147174
sample_8863,8.272992406877773
sample_8864,9.19636588621726
sample_8865,10.0680215485956
sample_8866,10.161598251097692
sample_8867,9.011741954997024
sample_8868,9.11168384482737
sample_8869,8.960609189887183
sample_8870,9.18247645603576
sample_8871,10.480444435895812
sample_8872,9.060484656098527
sample_8873,9.85584716737428
sample_8874,9.301600654293946
sample_8875,9.79107239506129
sample_8876,10.230487795272566
sample_8878,9.455906870328702
sample_8879,9.768274531232963
sample_8880,10.65268046742341
sample_8881,10.132829198534289
sample_8882,10.616897747586934
sample_8883,10.045574894939012
sample_8884,10.221495167042756
sample_8885,7.684421829057808
sample_8886,9.251978736047011
sample_8887,9.618063527711165
sample_8888,10.276369521981303
sample_8889,9.794734508784709
sample_8890,8.376511118277037
sample_8891,9.414294311359065
sample_8892,9.62763154529556
sample_8893,9.984742649968204
sample_8894,10.498172802519978
sample_8895,10.014125688696437
sample_8896,10.420256312351588
sample_8897,8.817295138923098
sample_8898,9.38365899155812
sample_8899,7.662728386900437
sample_8900,10.367793001595098
sample_8901,9.914066562927273
sample_8903,9.022502364635743
sample_8904,10.150641887848286
sample_8905,8.215256405466576
sample_8906,10.12477437183741
sample_8907,9.936858059282434
sample_8908,10.020908093754263
sample_8909,8.951973134080198
sample_8910,9.712812065331246
sample_8911,10.214470829124666
sample_8912,9.840921954221598
sample_8913,10.025718735483656
sample_8914,10.005486768914391
sample_8915,8.676227218005256
sample_8916,8.406891335819063
sample_8917,9.002382032184572
sample_8918,9.279494677518237
sample_8919,9.224672467993672
sample_8920,8.061733166413235
sample_8921,9.22255592892242
sample_8922,9.73573543168952
sample_8923,8.276175034138516
sample_8924,9.063120312460766
sample_8925,8.506863868704752
sample_8926,10.190835591072588
sample_8927,8.111726991714278
sample_8928,9.526770561877017
sample_8929,10.273387240153829
sample_8930,10.375537037612288
sample_8931,9.622415596627006
sample_8932,9.337347302822424
sample_8933,10.026200933728983
sample_8934,9.032386804866732
sample_8935,9.712780076672676
sample_8936,9.956243904315846
sample_8937,6.22765174951748
sample_8938,9.297152100142217
sample_8939,9.926924547560173
sample_8940,10.172556065017268
sample_8941,9.278465585035407
sample_8942,8.68798041884219
sample_8943,10.201269133282128
sample_8944,9.980869810386446
sample_8945,10.147510147573389
sample_8946,10.019838384708525
sample_8947,9.895848211669216
sample_8948,10.159676690301668
sample_8949,9.980449065161302
sample_8950,9.011452928869206
sample_8951,9.546248129758744
sample_8952,9.886420776678994
sample_8953,9.44227892865137
sample_8954,9.925644436657576
sample_8955,9.437819811391998
sample_8956,10.431718317616054
sample_8957,9.64844383040963
sample_8958,10.350707533656694
sample_8959,9.14225484659255
sample_8960,9.15179182491254
sample_8961,9.534284951920151
sample_8962,9.774158940586329
sample_8963,10.14544026757422
sample_8964,9.861022291887124
sample_8965,8.237628842972287
sample_8966,8.600397532324816
sample_8967,9.851211404499434
sample_8968,9.933642272854147
sample_8969,10.045533269629932
sample_8970,9.533572823509893
sample_8971,9.538430161718242
sample_8972,10.253999473090326
sample_8973,8.591926499691235
sample_8974,8.40335976438452
sample_8975,9.622944437185309
sample_8976,9.675979711406168
sample_8977,10.189790846181328
sample_8978,9.820090815840434
sample_8979,9.146027780221814
sample_8981,9.068820880100734
sample_8982,10.49808653531585
sample_8983,9.637643937593827
sample_8984,8.640235052761215
sample_8985,9.33355127751523
sample_8986,10.053361788218467
sample_8987,8.997887417747936
sample_8989,8.985094615440298
sample_8990,9.036328060605747
sample_8991,9.468810065692749
sample_8992,10.297515775780138
sample_8993,9.604140930567704
sample_8994,9.351962541357176
sample_8995,8.815611993124977
sample_8996,8.852643207617222
sample_8997,9.208495810656409
sample_8998,10.093770748005346
sample_8999,9.506443936389706
sample_9000,9.54656441999122
sample_9001,9.608690150737992
sample_9002,8.645626339650745
sample_9003,8.891044615372476
sample_9004,9.54501756772518
sample_9005,8.609649566186258
sample_9006,9.969080696027088
sample_9007,10.212780874471443
sample_9008,9.900801942053226
sample_9009,10.788355922247844
sample_9010,9.68795343872768
sample_9011,8.75869211199053
sample_9012,9.90562188965549
sample_9013,9.598745736793958
sample_9014,10.540155274531656
sample_9015,9.350261446228226
sample_9016,9.99126769000928
sample_9017,9.346157175591246
sample_9018,10.13061253909659
sample_9019,7.396165340989737
sample_9020,7.682124568244848
sample_9021,9.89760420659908
sample_9022,9.294088846320165
sample_9023,9.64011161652038
sample_9024,8.549736569792993
sample_9025,9.808485440185068
sample_9026,9.952786114802969
sample_9027,7.844652956374733
sample_9028,9.39643346750302
sample_9029,9.073015001343284
sample_9030,9.902859766929964
sample_9031,9.556220024552152
sample_9032,10.0022226860323
sample_9033,9.948110505005442
sample_9034,10.178742671660933
sample_9035,8.787683583879904
sample_9036,10.125574373389556
sample_9037,10.147325194297787
sample_9038,9.211282843606837
sample_9039,9.299154254972342
sample_9040,9.25324957659501
sample_9041,9.919872055664433
sample_9042,9.723490493615708
sample_9043,9.042692202212056
sample_9044,8.968951651198122
sample_9045,9.755628900398817
sample_9046,10.317053072135678
sample_9047,8.624173786157153
sample_9048,9.40730131452792
sample_9049,9.68363554852021
sample_9050,9.944680072979748
sample_9051,7.940793628178715
sample_9052,8.967667950204062
sample_9053,10.031722005298002
sample_9054,9.846934936798156
sample_9057,10.2008713491154
sample_9059,10.079524696588804
sample_9060,10.45088541840986
sample_9061,9.828392294702455
sample_9062,9.457311382579343
sample_9063,9.420397389419175
sample_9064,9.410854876108012
sample_9065,9.702594472022763
sample_9066,9.90475795939629
sample_9067,9.751197454526208
sample_9068,8.779430993188953
sample_9069,10.216136751547843
sample_9070,10.557727316665508
sample_9071,9.77157114754278
sample_9072,9.974334117453054
sample_9073,10.05246237600659
sample_9074,10.09107560590172
sample_9075,8.959953886645144
sample_9076,8.746060391345166
sample_9077,9.144707489509992
sample_9079,9.312190233151137
sample_9080,10.21840743785748
sample_9081,9.810028107522216
sample_9082,9.73713689353565
sample_9083,9.954634564063772
sample_9084,9.586082561466371
sample_9085,9.945902235067528
sample_9086,10.17229714426234
sample_9087,8.414659707108072
sample_9088,9.831882698460166
sample_9089,9.32498283523673
sample_9090,9.397489613681593
sample_9091,9.126554709607092
sample_9092,9.863222100677996
sample_9093,10.0760763039223
sample_9094,8.9759747086989
sample_9095,9.87725832201924
sample_9096,9.994392656313934
sample_9097,10.774884830197893
sample_9098,10.397037753850247
sample_9099,9.23953658141173
sample_9100,10.28413983624171
sample_9101,10.122718429939615
sample_9102,8.545451475916467
sample_9103,9.26803052486953
sample_9104,10.240986213935312
sample_9105,8.983732664868812
sample_9106,10.419032470883575
sample_9107,9.297835830857665
sample_9108,9.554122305089004
sample_9109,10.056570313405713
sample_9110,9.21007740551468
sample_9111,9.097784773899386
sample_9112,10.523929565749643
sample_9113,9.670171898967276
sample_9114,9.678589846633422
sample_9115,10.414965374609013
sample_9116,9.330257072143652
sample_9117,9.766340463386626
sample_9118,9.843162868464416
sample_9119,9.123349111555552
sample_9120,10.462275849767046
sample_9121,9.117838604360534
sample_9122,8.598005921224656
sample_9123,10.028798333926796
sample_9124,9.525376277215138
sample_9125,9.90096032542248
sample_9126,9.50942705849985
sample_9128,9.655293832214998
sample_9129,8.833469152708297
sample_9130,9.234462077534335
sample_9131,9.832828623692038
sample_9132,10.000789431536653
sample_9133,9.82089610553694
sample_9134,9.493580238120018
sample_9135,8.882190622569698
sample_9136,10.328265755101317
sample_9137,9.78206584524978
sample_9138,8.787433339889473
sample_9139,10.207391437924628
sample_9140,8.413930924790485
sample_9141,9.58297477314653
sample_9142,9.568976843121083
sample_9143,9.886726667826585
sample_9144,9.87579708892836
sample_9145,9.80550906862551
sample_9146,9.35275008945523
sample_9147,8.61617215052112
sample_9148,9.725354926273155
sample_9149,10.476430076251685
sample_9150,10.28093033304502
sample_9151,9.162695017431092
sample_9152,8.800255712243462
sample_9153,9.868575361271896
sample_9154,9.527843506680671
sample_9155,9.09392898285902
sample_9156,8.699785699615948
sample_9157,10.201189987894804
sample_9158,7.921481170437597
sample_9159,10.073415189820848
sample_9160,9.582637810725297
sample_9161,9.333324818779214
sample_9162,10.66772515245262
sample_9163,10.433669478438231
sample_9164,9.032861716172352
sample_9165,9.98318623038186
sample_9166,9.598980745856998
sample_9167,8.336672381097873
sample_9168,10.239654657649307
sample_9169,9.652954140064464
sample_9170,9.754611067390057
sample_9171,9.245023581314657
sample_9172,9.694029321844155
sample_9173,9.3716872198767
sample_9174,10.16649562291216
sample_9175,10.417532015105692
sample_9176,9.630537491111506
sample_9177,10.849770061118775
sample_9178,8.846116233735577
sample_9179,8.8532634603011
sample_9180,9.79580975739328
sample_9181,9.799530225871466
sample_9182,10.335814897917333
sample_9183,9.907484685125668
sample_9184,9.78800590061961
sample_9185,9.388971865653174
sample_9186,8.849614512666387
sample_9187,8.558511647515811
sample_9188,9.2855160419042
sample_9190,9.029022319695956
sample_9191,9.947843379530292
sample_9192,9.592617813879176
sample_9193,8.192831990247692
sample_9194,9.255785876395835
sample_9195,9.924093992436111
sample_9196,9.94136291152851
sample_9198,9.276114206479615
sample_9199,9.98166345737056
sample_9200,9.401793893182504
sample_9201,9.802042812721142
sample_9203,9.998562393141857
sample_9204,8.17625699260771
sample_9205,10.492773324940137
sample_9206,9.3319060724394
sample_9207,9.82762626409257
sample_9208,10.597217052223684
sample_9209,9.346112436551316
sample_9210,8.799424862391767
sample_9211,9.143302203253471
sample_9212,9.46797203943711
sample_9213,8.461176974997667
sample_9214,9.17729247506939
sample_9215,8.955474835965967
sample_9216,10.467008455788516
sample_9218,9.47744051298805
sample_9219,9.753911725602162
sample_9220,9.578931396583586
sample_9221,9.352513903980832
sample_9222,9.958662629652276
sample_9223,9.384629304267047
sample_9224,9.193981449508136
sample_9225,10.391209048940764
sample_9226,10.01791937762732
sample_9227,9.914750524008316
sample_9228,7.120034503638659
sample_9229,9.003261535599528
sample_9230,9.52276829500986
sample_9231,9.772841214261891
sample_9232,10.178419365892733
sample_9233,8.92622827103337
sample_9234,10.537323662297116
sample_9235,9.478303323982924
sample_9236,10.555363403693136
sample_9237,10.30692898144514
sample_9238,9.711113686187504
sample_9239,10.506762231663853
sample_9240,8.025156918097103
sample_9241,9.606642942313387
sample_9242,9.647534535858435
sample_9243,9.54609671865398
sample_9244,9.0075013452842
sample_9245,7.085168951168359
sample_9246,10.709592639468248
sample_9247,9.40264108015658
sample_9248,9.910757443883092
sample_9249,8.6020036902453
sample_9250,9.60175856662348
sample_9252,10.289088861259367
sample_9253,9.663308121847232
sample_9254,10.000133117168636
sample_9255,9.3091559374651
sample_9256,10.381330906613668
sample_9257,10.2978548086616
sample_9258,9.496836653524568
sample_9259,9.309770043120126
sample_9260,9.14629301341654
sample_9261,10.015211574612
sample_9262,9.384562988555878
sample_9263,7.633077628865404
sample_9264,9.92767182236724
sample_9265,9.612783430635371
sample_9266,9.511429680878114
sample_9267,9.477770961982966
sample_9268,8.950438151227779
sample_9269,10.343658337195404
sample_9270,9.731730432612029
sample_9271,8.951882083711515
sample_9272,10.423056537847996
sample_9273,10.022821988568632
sample_9274,9.008550190392356
sample_9275,9.381091236631542
sample_9276,9.027793027360849
sample_9277,9.87468888299082
sample_9278,9.944926868951304
sample_9279,10.00393609361192
sample_9280,9.49840954343398
sample_9281,8.376112106722745
sample_9282,9.508855116043929
sample_9283,10.246788166052005
sample_9284,10.298880815523756
sample_9285,9.629254321794503
sample_9286,10.132045498785592
sample_9287,9.483720827947456
sample_9288,8.659587326405555
sample_9289,8.67297797816068
sample_9290,8.33962790972719
sample_9291,9.87246542750174
sample_9292,9.57248546742333
sample_9293,9.296943976911232
sample_9294,9.923957993277195
sample_9295,9.4185433696981
sample_9297,9.427540932588412
sample_9298,10.235566590790556
sample_9299,9.403041323722263
sample_9300,8.50696083339445
sample_9301,10.74366110602382
sample_9302,9.889046964370934
sample_9303,9.322275915877132
sample_9304,9.167876916236088
sample_9305,9.522785583807195
sample_9306,9.720977507517246
sample_9307,8.647615940033756
sample_9308,9.264152517886409
sample_9309,9.425435872665124
sample_9310,9.1350348937766
sample_9311,9.88106385309094
sample_9312,9.03773173160712
sample_9313,10.555165145248674
sample_9314,8.997289735986838
sample_9315,10.753828045317706
sample_9316,9.815940940763513
sample_9317,9.876315958011189
sample_9318,8.319216017667808
sample_9319,9.46022032314156
sample_9320,8.992795328932313
sample_9321,9.357848209140212
sample_9322,10.271119056603744
sample_9323,8.459532490061155
sample_9324,10.307772607632534
sample_9325,10.069324005596442
sample_9326,9.207569657772916
sample_9327,10.336574973294583
sample_9329,9.735942252630783
sample_9330,8.9216297061279
sample_9331,10.42165716217164
sample_9332,9.875080518704891
sample_9333,9.126259233617604
sample_9335,9.431842975626813
sample_9336,9.675531895530304
sample_9337,9.506569140229972
sample_9339,9.89458916969109
sample_9340,9.172733444978116
sample_9341,9.71114620038572
sample_9342,9.170807371224052
sample_9343,9.09272193432987
sample_9344,9.57248545794891
sample_9345,10.102650732523678
sample_9346,8.453673139458735
sample_9347,10.239994143996896
sample_9348,9.028981199861423
sample_9349,9.779820675103757
sample_9350,9.189246932765515
sample_9352,10.46138334906534
sample_9353,10.19476707534642
sample_9354,10.286702801108524
sample_9355,9.481098094353529
sample_9356,8.986135983447767
sample_9357,9.68816001270587
sample_9358,10.363271355795034
sample_9359,10.1971930185989
sample_9361,9.339045273339954
sample_9362,8.455077856143399
sample_9363,8.536936257155299
sample_9364,10.06660477544022
sample_9365,10.675965374126124
sample_9366,9.569681989695136
sample_9367,9.892223961456173
sample_9368,9.867214346683484
sample_9369,9.956771916093684
sample_9370,10.092380535881867
sample_9371,8.694310456993463
sample_9372,9.04879015502025
sample_9373,9.917410861170278
sample_9374,10.326748617180892
sample_9375,9.216749088792856
sample_9376,9.289840471515385
sample_9377,9.042882516910778
sample_9378,9.181414698537226
sample_9379,8.778196763509209
sample_9380,10.038755577714628
sample_9381,9.29132777629836
sample_9383,9.847932639582334
sample_9384,9.742426083075795
sample_9385,9.922155528345757
sample_9386,8.60099502055604
sample_9387,9.425938340933683
sample_9388,10.982825225443948
sample_9389,9.342961791596348
sample_9390,9.213462975497068
sample_9392,10.13995094873517
sample_9393,9.883921475646217
sample_9394,8.033298743505815
sample_9395,10.57035079101273
sample_9396,10.126033893484564
sample_9397,5.901219690926295
sample_9398,8.465995826263633
sample_9399,10.2512117824122
sample_9400,8.81555293387284
sample_9401,10.077128174587266
sample_9402,7.916499038852565
sample_9403,9.738108187323048
sample_9404,10.193816247380644
sample_9405,9.826000235759937
sample_9406,9.039870638564388
sample_9407,9.72544789842886
sample_9408,9.612468907922551
sample_9409,9.28782916865275
sample_9410,9.95377390378662
sample_9412,9.877797871996393
sample_9413,9.303788455313022
sample_9414,8.728931205134671
sample_9415,9.897572505316676
sample_9416,9.363212391063014
sample_9417,10.247522597974946
sample_9418,11.08562845920555
sample_9419,9.598941841411769
sample_9420,9.604581252563069
sample_9421,10.580978258749468
sample_9422,9.872066382888562
sample_9423,8.296410284317883
sample_9424,10.650960033423791
sample_9425,10.302919909396763
sample_9427,7.713134408694179
sample_9428,9.361875701228692
sample_9429,7.998859619649488
sample_9430,7.715822415439335
sample_9431,9.374296115559794
sample_9432,8.167265012925297
sample_9433,10.603010555745572
sample_9434,10.197736236097494
sample_9435,9.402163234714806
sample_9437,8.820461699752585
sample_9438,9.031458058677442
sample_9439,9.885197017807998
sample_9440,9.103875624815236
sample_9441,9.774565198673525
sample_9442,8.630712941487937
sample_9443,8.232172743591162
sample_9444,10.973479768264616
sample_9445,10.560988289368735
sample_9446,10.38794175036472
sample_9448,7.778245643356857
sample_9449,10.541792041068062
sample_9450,11.165745721558514
sample_9451,9.23585884322333
sample_9452,9.921296546313702
sample_9453,9.364497356771352
sample_9454,10.275363855752197
sample_9455,9.755995086291088
sample_9456,10.223086122748697
sample_9457,9.265454894881492
sample_9458,9.370749884218116
sample_9459,8.8314773243771
sample_9460,9.354034607085245
sample_9461,7.393541980358296
sample_9462,9.985035089993488
sample_9464,8.615421356486298
sample_9465,9.255266507897955
sample_9466,10.01374143203438
sample_9467,9.037143543817235
sample_9468,9.742168460920782
sample_9469,9.886328764564142
sample_9470,10.231741027170685
sample_9472,9.758386215318936
sample_9473,9.884956730711506
sample_9474,10.062761775636613
sample_9475,9.861309211110663
sample_9476,9.505600437290656
sample_9477,9.02440210485818
sample_9478,10.120490780639678
sample_9479,8.44109251608263
sample_9480,8.793156876265737
sample_9481,9.470428530768237
sample_9482,10.429365917340975
sample_9483,9.73365541567865
sample_9484,9.963041299280532
sample_9485,10.186303261889275
sample_9486,9.91362552787024
sample_9487,9.385984259111616
sample_9488,9.105413014907928
sample_9489,9.633684910169812
sample_9490,10.620040785829582
sample_9491,8.432948359651352
sample_9492,10.420261384939732
sample_9493,9.093625380526312
sample_9494,8.565033992627821
sample_9495,9.720784323329068
sample_9496,10.40297977519242
sample_9497,9.59168482108834
sample_9500,9.322831350932434
sample_9501,9.81103181864343
sample_9502,10.014310380622844
sample_9503,8.707931927440024
sample_9504,10.169824942764397
sample_9505,9.38341960515431
sample_9506,8.928825784410373
sample_9507,9.663270211010758
sample_9508,8.533660240938527
sample_9509,10.395829090800865
sample_9511,9.706643386646492
sample_9512,8.968772551926564
sample_9513,9.165228237339136
sample_9514,8.915485917278898
sample_9515,10.264336123185297
sample_9516,9.789374340134405
sample_9517,9.462461197818596
sample_9518,9.2115803262704
sample_9519,9.61730299675635
sample_9520,9.778510518320171
sample_9521,10.22585744849082
sample_9522,9.637334292147816
sample_9523,9.870856137540375
sample_9524,9.637866119917666
sample_9525,10.35041020749651
sample_9526,10.627873016309188
sample_9527,10.561382271278257
sample_9528,10.138300070429386
sample_9529,9.84899120809824
sample_9530,9.80575490949681
sample_9531,9.496579279139226
sample_9532,9.998831168214648
sample_9533,9.901720821696722
sample_9534,9.248050397799378
sample_9536,10.353147144662254
sample_9537,9.49926641315914
sample_9538,10.20142894493512
sample_9539,10.710931539474762
sample_9541,8.134937265808976
sample_9542,8.782383636589525
sample_9543,8.96794031317957
sample_9545,10.331608529842924
sample_9546,9.2862610712581
sample_9547,9.16077005458018
sample_9550,10.301751510442273
sample_9551,8.09162006057841
sample_9552,8.669239706339363
sample_9553,9.743807717357818
sample_9554,10.622468473724224
sample_9555,9.61588742458684
sample_9556,10.536040871496908
sample_9557,9.439820027063051
sample_9558,8.956967813340123
sample_9559,8.662909019326198
sample_9560,10.27417827636208
sample_9561,10.38005636785781
sample_9562,9.23780467162064
sample_9563,10.105935003079036
sample_9564,9.295891723682946
sample_9565,9.494901016207312
sample_9566,9.558022263475678
sample_9567,10.344161426468336
sample_9569,9.361002408076915
sample_9570,8.632554991349267
sample_9571,9.686256095440111
sample_9572,8.943142776511468
sample_9573,10.202913653661309
sample_9574,9.394116327243529
sample_9575,10.313282272898716
sample_9576,9.430358624674062
sample_9577,8.990855895960122
sample_9578,9.830752664525338
sample_9579,8.886690156378414
sample_9580,10.391951393027464
sample_9581,10.118033234951197
sample_9582,10.475859702744607
sample_9583,9.298851092342444
sample_9584,9.174466561123143
sample_9585,10.500144269954404
sample_9587,8.711541479887467
sample_9588,7.695183503070234
sample_9591,9.7478550830814
sample_9592,9.724205841633188
sample_9593,9.32366131996732
sample_9594,10.417520059241197
sample_9595,9.630081948459814
sample_9596,10.087939133347763
sample_9597,9.33816778884046
sample_9598,9.666932184212095
sample_9599,10.249304708041253
sample_9600,10.306349006060584
sample_9601,9.507078837388068
sample_9602,8.895886824681458
sample_9603,10.221096150910366
sample_9604,6.627904917588334
sample_9605,8.112786566591753
sample_9606,9.692001006075126
sample_9607,9.69232358932099
sample_9608,9.231090009735764
sample_9609,9.966578300980254
sample_9610,8.912906854273114
sample_9611,9.23279153203793
sample_9612,10.104299387760484
sample_9613,7.532597205627873
sample_9614,9.660302123683634
sample_9615,9.167912655052088
sample_9616,8.98876074128625
sample_9617,9.753571894559938
sample_9618,9.288702926611164
sample_9619,10.06091379433736
sample_9620,9.59156893038691
sample_9621,8.333279763897394
sample_9622,10.100810605476344
sample_9623,10.140655373014758
sample_9624,8.521235208533206
sample_9625,9.939538771325209
sample_9626,9.737703626107336
sample_9627,9.641109958477228
sample_9628,8.198336231475867
sample_9629,9.74953841128297
sample_9630,9.324693638882051
sample_9631,9.576576064750013
sample_9634,9.522382402076648
sample_9635,9.32353439697826
sample_9636,9.529368945032216
sample_9637,9.434014906783244
sample_9638,10.440419370634212
sample_9639,9.83943768720846
sample_9640,10.443936374139025
sample_9641,9.62602267741116
sample_9642,9.97746320446104
sample_9643,9.535083217985653
sample_9644,9.34936453695992
sample_9645,9.807792323931274
sample_9646,9.399849200416911
sample_9647,8.868050456394156
sample_9648,9.557063016864712
sample_9649,9.384585864425354
sample_9650,9.91869579313067
sample_9651,10.286815882607833
sample_9652,9.894075936668974
sample_9653,10.612014170356456
sample_9655,10.525487275807125
sample_9656,8.350204595241529
sample_9657,8.782812745167773
sample_9658,9.718396197641546
sample_9659,9.936266058741978
sample_9660,9.180290994715303
sample_9661,10.048367690565692
sample_9662,8.801502384222399
sample_9663,9.912002176531002
sample_9664,8.266796647808215
sample_9665,10.464927556385293
sample_9666,7.830621560078543
sample_9667,9.50611531047872
sample_9668,8.27936112471165
sample_9669,9.358343781969015
sample_9670,9.796869156585068
sample_9671,10.13107549203127
sample_9672,10.253691389109347
sample_9673,10.1430326082315
sample_9675,9.53686650541114
sample_9676,9.947048362327576
sample_9677,9.871899094185457
sample_9678,9.102152112729144
sample_9679,9.52656598896722
sample_9681,8.921870334083923
sample_9682,9.750029806933838
sample_9683,9.301752358413555
sample_9684,10.22012206280044
sample_9685,8.92129732988404
sample_9686,10.191618494500077
sample_9687,9.68585283995837
sample_9688,9.311409101496816
sample_9689,10.20864351732429
sample_9690,8.917341300932113
sample_9691,9.451691709122157
sample_9692,9.281655705809367
sample_9693,10.374201922090345
sample_9694,10.081176854939162
sample_9695,10.406200849193503
sample_9696,9.664725268016786
sample_9697,10.120602477782535
sample_9699,9.247752953634416
sample_9700,10.28564393228706
sample_9701,7.836579750847723
sample_9702,10.390121472546165
sample_9703,9.651983246755348
sample_9704,9.1675550777249
sample_9705,10.426955248182956
sample_9706,9.151994819446932
sample_9708,9.79266401377509
sample_9709,10.28890194895116
sample_9710,10.52772259311695
sample_9711,8.664520376151213
sample_9712,9.243911437547451
sample_9713,8.80081786090521
sample_9714,8.933000385837566
sample_9715,9.101216604558092
sample_9716,10.132705262109187
sample_9717,9.743163042741442
sample_9718,10.178655311656623
sample_9719,9.867293019485686
sample_9720,9.518993237977291
sample_9721,10.282084003003323
sample_9722,8.376118712513303
sample_9723,9.34176345730402
sample_9724,10.522826075577616
sample_9725,9.9263467712606
sample_9726,8.958255770745234
sample_9727,10.537605916551904
sample_9728,9.19788917816059
sample_9729,10.246813472888828
sample_9730,9.15348736295125
sample_9731,7.999108175543902
sample_9732,9.245457927075268
sample_9733,8.983107296228264
sample_9734,9.356471576754243
sample_9735,9.238114985072988
sample_9736,9.383469456843672
sample_9737,10.24980580064834
sample_9738,8.772648423799714
sample_9739,9.53427014140322
sample_9740,9.095132791290135
sample_9741,9.968955599586806
sample_9742,9.280610345833672
sample_9743,8.483860599780744
sample_9744,9.444566396060331
sample_9745,10.407474035110168
sample_9746,8.39162375421325
sample_9747,10.065363902450883
sample_9748,9.217508678732168
sample_9749,9.230916340961954
sample_9750,9.861198823577856
sample_9751,10.30144637155021
sample_9752,9.256408138710285
sample_9753,8.740115537308851
sample_9754,10.260712502414968
sample_9755,10.339602345715036
sample_9756,10.242194407810292
sample_9757,9.418200541671323
sample_9758,9.534522389328169
sample_9759,10.311438156682174
sample_9760,8.523074714560694
sample_9761,9.496080774128895
sample_9763,8.548317068855665
sample_9764,9.528499599323313
sample_9765,9.958155646950493
sample_9766,8.882438182852194
sample_9767,9.524002697032737
sample_9768,10.143647537190445
sample_9769,9.740238908516137
sample_9770,10.069997979370616
sample_9771,9.396744639848922
sample_9772,10.0643809164485
sample_9773,10.396580829245952
sample_9774,9.948733465521617
sample_9775,9.658565563114628
sample_9777,10.223014601004635
sample_9778,9.512066849200211
sample_9779,8.40078797984266
sample_9780,9.794674532494945
sample_9781,9.969480099424969
sample_9782,9.843202809189664
sample_9783,8.619083530336665
sample_9784,9.240018701341084
sample_9785,10.041659353989662
sample_9787,9.478909052292972
sample_9788,8.869572768439554
sample_9789,10.159431679580567
sample_9790,10.472784109536724
sample_9791,7.789456637715623
sample_9793,10.211478921333203
sample_9794,9.79405504342243
sample_9795,9.483419244092302
sample_9796,10.263685926313771
sample_9797,9.151455700766778
sample_9798,10.719716350087204
sample_9799,9.525034779306672
sample_9800,8.88982796621949
sample_9801,10.581018826258472
sample_9803,8.399597491856566
sample_9804,8.635317711854729
sample_9805,8.913351528067835
sample_9806,9.654531304165774
sample_9807,9.981737307505396
sample_9808,8.239223282923946
sample_9809,8.772052245833224
sample_9810,8.930307423800276
sample_9811,9.568596709601046
sample_9812,7.869587138328256
sample_9813,10.55883740601052
sample_9814,9.204206505034724
sample_9815,9.77110717821545
sample_9816,9.92326938685638
sample_9817,10.215411093930138
sample_9818,9.690912735067146
sample_9819,9.46073971096744
sample_9820,10.760614038145228
sample_9821,9.054287606964747
sample_9822,10.602233664770289
sample_9823,10.116951439556477
sample_9824,9.256592467582866
sample_9825,8.094402497097187
sample_9826,10.070140147636163
sample_9827,9.1546466513582
sample_9828,10.06558190984388
sample_9829,9.923728945696578
sample_9830,9.796150251478371
sample_9831,10.049745694460992
sample_9832,9.853628296771848
sample_9833,10.395972498968174
sample_9834,9.046545636642843
sample_9836,9.79731872028582
sample_9837,9.010734492166495
sample_9838,9.990979147432522
sample_9839,9.311843509671672
sample_9840,9.279409029701265
sample_9841,10.437186629280902
sample_9842,9.70213966911103
sample_9843,10.1622073561093
sample_9844,10.127293722223332
sample_9845,9.912449830105356
sample_9846,9.12981415383236
sample_9847,10.755984854969938
sample_9848,9.791269548990192
sample_9849,10.265945505172407
sample_9850,10.447685877793102
sample_9851,9.20740277826984
sample_9852,9.623098136818529
sample_9853,10.103698037865955
sample_9854,8.6674019402679
sample_9855,9.47205230516771
sample_9856,10.10391629564567
sample_9857,9.212126917442069
sample_9858,9.3998081461905
sample_9859,10.242931868492912
sample_9860,10.05256328062238
sample_9862,7.73052744753432
sample_9863,9.377223566746286
sample_9864,9.144851612692252
sample_9865,9.881939398613849
sample_9866,9.753958548562924
sample_9867,9.325773275798884
sample_9868,10.204470455644705
sample_9869,8.001787472389154
sample_9870,9.94096931708086
sample_9871,9.735043467108328
sample_9872,8.821212420754362
sample_9873,10.798391377651116
sample_9874,9.86574591712707
sample_9875,9.656862352183664
sample_9876,9.37326992583503
sample_9877,9.979373337041084
sample_9878,10.489871235323442
sample_9879,10.210228049719476
sample_9880,10.021809278983
sample_9881,8.185556531052592
sample_9882,7.953090413986279
sample_9883,10.372124841055417
sample_9884,8.908680684600869
sample_9885,10.122686783022536
sample_9886,10.460297480801968
sample_9887,9.066825458488212
sample_9888,9.812432764032868
sample_9889,9.559161785649072
sample_9890,10.294762564731874
sample_9891,9.193105861148563
sample_9892,8.784502721211677
sample_9893,8.613879461094829
sample_9894,10.00189497413202
sample_9895,9.851420046180994
sample_9896,8.622302869932321
sample_9898,10.407819143424591
sample_9899,9.364087389598213
sample_9900,8.024375370981367
sample_9901,6.959061487167141
sample_9902,9.255447469840009
sample_9903,9.786640377372278
sample_9904,10.321686126834068
sample_9905,10.157052265890703
sample_9906,9.234455273240153
sample_9907,8.967999658263604
sample_9908,10.233843379974138
sample_9909,8.137295413237277
sample_9910,9.640541966119176
sample_9911,9.064096613898984
sample_9912,8.321637572162816
sample_9913,9.212387932233678
sample_9914,7.654436237847305
sample_9915,10.352584189863029
sample_9916,9.63751332516176
sample_9917,8.31857957119707
sample_9918,8.912302672537487
sample_9919,8.988297373415945
sample_9920,8.079906983867511
sample_9921,9.326351849269772
sample_9922,9.799194975143145
sample_9923,10.17136006791545
sample_9924,8.918398446312208
sample_9926,10.197641326367105
sample_9927,9.774863505924792
sample_9928,11.053330064586994
sample_9929,8.961901533607469
sample_9930,10.112424897774485
sample_9931,9.200206163006396
sample_9932,9.214662740116763
sample_9933,10.12316904355792
sample_9934,9.28416400844056
sample_9935,9.29890900637116
sample_9936,9.892682816649604
sample_9937,8.8546835038294
sample_9938,9.440461901007549
sample_9939,9.108532535388946
sample_9940,9.529629439892483
sample_9941,9.44353031844182
sample_9942,10.566725080945428
sample_9943,10.234349640841772
sample_9944,9.75476106709868
sample_9945,9.695956487521723
sample_9946,9.7392434501531
sample_9947,10.57628928456771
sample_9948,10.313592037196738
sample_9949,10.214666808780445
sample_9950,9.933037335280591
sample_9951,9.600045083608846
sample_9952,8.535867913958759
sample_9953,10.031237497210723
sample_9954,9.905832396346527
sample_9955,8.577341191522773
sample_9956,9.180600573155743
sample_9957,8.649524371052944
sample_9958,8.375399200819032
sample_9959,8.419053489438165
sample_9960,10.37717624778253
sample_9961,8.614043664618217
sample_9962,9.24468866971892
sample_9963,9.404560784217535
sample_9964,8.456831771277727
sample_9965,8.775823676624247
sample_9966,9.582059299167556
sample_9968,10.15247157459194
sample_9969,10.858466460934263
sample_9970,10.323623285146295
sample_9971,9.722894252525784
sample_9972,9.943663759326853
sample_9973,8.431945008328912
sample_9974,9.748839239064036
sample_9975,9.877487615706412
sample_9977,9.570701226769478
sample_9978,9.040443099818104
sample_9979,10.071200056765916
sample_9980,7.812359568335457
sample_9981,9.85067927187685
sample_9982,10.29932482049481
sample_9983,10.565886604633016
sample_9985,9.396261352169184
sample_9986,10.506847941034025
sample_9987,9.585679912796122
sample_9988,9.305450693844833
sample_9989,9.637931513500392
sample_9990,9.271416690112062
sample_9991,8.59146221779801
sample_9992,9.463529097136597
sample_9993,9.241193444262152
sample_9994,8.235494341490503
sample_9996,9.091274571625824
sample_9997,9.885215420760147
sample_9998,9.847441808343518
sample_9999,10.52434813952342
